NO,農場,圃場名,農場ID,圃場ID
1,JA夢みなみ,後田　こしひかり　1,f2786a61-69e7-4396-a618-ad751d8814a6,685c3046-adae-403a-b7d3-905a5693406e
2,JA夢みなみ,後田　こしひかり　2,f2786a61-69e7-4396-a618-ad751d8814a6,7b6f3201-3d0e-4866-83bb-9681add1c062
3,JA夢みなみ,後田　ひとめぼれ　1,f2786a61-69e7-4396-a618-ad751d8814a6,164222ff-245a-480d-9a91-b821620ec809
4,JA夢みなみ,後田　ひとめぼれ　2,f2786a61-69e7-4396-a618-ad751d8814a6,904bf394-2d14-43b4-a10b-936d6c03f76e
5,JA夢みなみ,佐々木峰男1,f2786a61-69e7-4396-a618-ad751d8814a6,535b6d1e-dcc6-4d22-b96e-f8f3e926c894
6,JA夢みなみ,佐々木峰男2,f2786a61-69e7-4396-a618-ad751d8814a6,55a07b9f-af75-4d52-8462-2f2a176b8817
7,JA夢みなみ,佐々木峰男3,f2786a61-69e7-4396-a618-ad751d8814a6,1ad32a37-4461-40fb-a1e3-0b64f7c774b2
8,JA夢みなみ,泉崎4,f2786a61-69e7-4396-a618-ad751d8814a6,c0000dfe-0bfb-484a-a6ae-239a42fea222
9,JA夢みなみ,泉崎5,f2786a61-69e7-4396-a618-ad751d8814a6,2b6ebfce-5a59-4b59-9578-253a9e367882
10,JA夢みなみ,9-圃場（名前変更予定）,f2786a61-69e7-4396-a618-ad751d8814a6,4c3f90d0-1aab-4fc3-9367-42237c47ad6b
11,JA夢みなみ,10-圃場（名前変更予定）,f2786a61-69e7-4396-a618-ad751d8814a6,bce3ba33-937e-4ef8-8a0e-0e18a2ce09f3